country_id,co2_pc,gdp_pc,urban,life_exp,country_name,region,income_level
ABW,5.00284093555268,34897.6183932009,61.8351492675589,76.353,Aruba,Latin America & Caribbean ,High income
AFG,0.280995468771367,413.757894705303,25.4730529631167,66.035,Afghanistan,"Middle East, North Africa, Afghanistan & Pakistan",Low income
AGO,0.743838637301548,2885.51349130806,69.8515032220457,64.617,Angola,Sub-Saharan Africa ,Lower middle income
ALB,1.75091161350407,9740.7023414631,58.2106086137857,79.602,Albania,Europe & Central Asia,Upper middle income
ARE,18.3804823292732,49850.6945082084,85.6680699002526,82.909,United Arab Emirates,"Middle East, North Africa, Afghanistan & Pakistan",High income
ARG,4.16990486776205,14261.8465667948,92.1945132257907,77.395,Argentina,Latin America & Caribbean ,Upper middle income
ARM,2.52966973653139,8159.08720967996,65.6956882008852,77.4658536585366,Armenia,Europe & Central Asia,Upper middle income
ATG,3.68747053024133,22012.2625947994,24.4500156687422,77.598,Antigua and Barbuda,Latin America & Caribbean ,High income
AUS,14.1596700845561,65058.3773146674,87.4866955653765,83.0512195121951,Australia,East Asia & Pacific,High income
AUT,6.40359510066021,56579.504175468,69.2265358276021,81.7926829268293,Austria,Europe & Central Asia,High income
AZE,4.1112835014681,7133.02838048328,58.5075350483702,74.429,Azerbaijan,Europe & Central Asia,Upper middle income
BDI,0.0693599815916636,249.795164039029,23.5534768372276,63.651,Burundi,Sub-Saharan Africa ,Low income
BEL,7.27763098404696,55244.68145811,87.551492636772,82.4,Belgium,Europe & Central Asia,High income
BEN,0.488426291085402,1394.17784721831,51.7457922964593,60.774,Benin,Sub-Saharan Africa ,Lower middle income
BFA,0.272029919860247,873.198061670247,27.7872478365158,61.092,Burkina Faso,Sub-Saharan Africa ,Low income
BGD,0.693947563901367,2551.01773827307,32.1578465036834,74.672,Bangladesh,South Asia,Lower middle income
BGR,5.73490257494032,15854.0192893772,73.7322671584613,75.7560975609756,Bulgaria,Europe & Central Asia,High income
BHR,24.5323732339754,29290.1284215098,100.0,81.284,Bahrain,"Middle East, North Africa, Afghanistan & Pakistan",High income
BHS,3.52944121770479,38231.774484278,81.3213799173676,74.552,"Bahamas, The",Latin America & Caribbean ,High income
BIH,6.53950474604507,8663.02326458629,51.5657239834305,77.85,Bosnia and Herzegovina,Europe & Central Asia,Upper middle income
BLR,5.86387585149229,7896.75388295584,78.8146420666327,74.1837804878049,Belarus,Europe & Central Asia,Upper middle income
BLZ,0.913632980301917,7424.75821321022,41.9459437504976,73.566,Belize,Latin America & Caribbean ,Upper middle income
BMU,3.99239543726236,132961.760796315,100.0,82.309,Bermuda,North America,High income
BOL,1.99475521348588,4274.70820547613,70.9151414044538,68.581,Bolivia,Latin America & Caribbean ,Lower middle income
BRA,2.27447826989363,10377.5892792557,87.6159710235763,75.848,Brazil,Latin America & Caribbean ,Upper middle income
BRB,2.44602176130568,25583.8722302505,59.4235740235775,76.178,Barbados,Latin America & Caribbean ,High income
BRN,21.14308997296,32890.5491812019,74.8199193881365,75.327,Brunei Darussalam,East Asia & Pacific,High income
BTN,1.98465128404026,3831.32535564326,41.7352457989939,72.975,Bhutan,South Asia,Lower middle income
BWA,2.7096930785842,7827.30027960734,67.0212655349864,69.163,Botswana,Sub-Saharan Africa ,Upper middle income
CAF,0.0645327701288385,495.978897288721,43.6983692134165,57.408,Central African Republic,Sub-Saharan Africa ,Low income
CAN,14.1600452924171,54847.5370112652,82.5250564408346,81.6263414634146,Canada,North America,High income
CHE,3.78746475067225,104449.75451772,85.1854212679815,84.1560975609756,Switzerland,Europe & Central Asia,High income
CHL,3.91719041336885,17081.5180740049,88.8158617217972,81.167,Chile,Latin America & Caribbean ,High income
CHN,9.23027553501428,12951.1782397043,65.5301448035523,77.953,China,East Asia & Pacific,Upper middle income
CIV,0.575152377678325,2591.9659048119,53.4075201638704,61.944,Cote d'Ivoire,Sub-Saharan Africa ,Lower middle income
CMR,0.364184752751828,1720.47510154506,55.1286878511388,63.7,Cameroon,Sub-Saharan Africa ,Lower middle income
COD,0.0580434409082674,660.21205238997,44.3754734892194,61.895,"Congo, Dem. Rep.",Sub-Saharan Africa ,Low income
COG,1.27244805620677,2477.97845544866,63.6626757615625,65.772,"Congo, Rep.",Sub-Saharan Africa ,Lower middle income
COL,1.77360964835025,7012.49169137756,78.275571579544,77.725,Colombia,Latin America & Caribbean ,Upper middle income
COM,0.515412394592109,1723.89474946474,33.1502180946901,66.777,Comoros,Sub-Saharan Africa ,Lower middle income
CPV,1.24595323654924,4794.90119772843,75.9064245753376,76.059,Cabo Verde,Sub-Saharan Africa ,Upper middle income
CRI,1.58608566210135,17140.771430122,78.8819393641702,80.799,Costa Rica,Latin America & Caribbean ,High income
CYM,4.92072619732194,100065.233841107,100.0,80.358,Cayman Islands,Latin America & Caribbean ,High income
CYP,5.35563459868429,36623.70703125,66.6739477522639,81.648,Cyprus,Europe & Central Asia,High income
CZE,7.88005974203708,31761.5944102491,72.7352388396817,79.8268292682927,Czechia,Europe & Central Asia,High income
DEU,7.07982839106762,54776.7668235491,81.9034366692129,81.0414634146342,Germany,Europe & Central Asia,High income
DJI,0.763263436905869,3381.29779710722,72.8408245988921,65.987,Djibouti,"Middle East, North Africa, Afghanistan & Pakistan",Lower middle income
DMA,1.22387610885581,9912.96212766668,73.1105011438027,71.132,Dominica,Latin America & Caribbean ,Upper middle income
DNK,4.4073670007762,68043.5466971243,88.552638542867,81.7536585365854,Denmark,Europe & Central Asia,High income
DOM,2.89366632939923,10630.431743829,72.3577991823338,73.72,Dominican Republic,Latin America & Caribbean ,Upper middle income
DZA,4.12827519079225,5370.477235078,74.732808364138,76.261,Algeria,"Middle East, North Africa, Afghanistan & Pakistan",Upper middle income
ECU,2.60232947756693,6718.1447938811,63.1307729554263,77.392,Ecuador,Latin America & Caribbean ,Upper middle income
EGY,2.40830000255291,3456.78965212363,42.7098115041919,71.633,"Egypt, Arab Rep.","Middle East, North Africa, Afghanistan & Pakistan",Lower middle income
ESP,4.57046216901007,33493.2225409111,80.128491001856,83.9341463414634,Spain,Europe & Central Asia,High income
EST,8.37350742837627,30264.0064885057,70.6770085523126,78.7926829268293,Estonia,Europe & Central Asia,High income
ETH,0.147767891652244,1055.81091593061,23.0586471557617,67.315,Ethiopia,Sub-Saharan Africa ,Low income
FIN,5.88954587564164,52864.6931581216,74.0062548602828,81.5853658536585,Finland,Europe & Central Asia,High income
FJI,1.55581645737411,5926.20586394763,58.6069049738768,67.316,Fiji,East Asia & Pacific,Upper middle income
FRA,4.15598361008436,44700.1384177544,78.7804323126547,82.8317073170732,France,Europe & Central Asia,High income
FRO,0.0386043604544285,72486.6910957957,39.1975270123645,82.9521195121951,Faroe Islands,Europe & Central Asia,High income
FSM,0.0017757258279321,3933.01607031874,22.4334012451903,67.198,"Micronesia, Fed. Sts.",East Asia & Pacific,Upper middle income
GAB,2.06073835645602,7802.82433276138,91.6375962797313,68.337,Gabon,Sub-Saharan Africa ,Upper middle income
GBR,4.4477512185156,49919.6896621586,83.1601932891335,81.2380975609756,United Kingdom,Europe & Central Asia,High income
GEO,3.64859696572424,8283.66960652261,60.7523077799724,74.496,Georgia,Europe & Central Asia,Upper middle income
GHA,0.687364126711107,2383.90410476221,57.8074737774654,65.498,Ghana,Sub-Saharan Africa ,Lower middle income
GIN,0.348923061715176,1555.49375806861,37.6454083954705,60.74,Guinea,Sub-Saharan Africa ,Lower middle income
GMB,0.17562165357906,883.024111978927,63.8020182456108,65.86,"Gambia, The",Sub-Saharan Africa ,Low income
GNB,0.152925294159443,964.431832665395,45.5923843383789,64.085,Guinea-Bissau,Sub-Saharan Africa ,Low income
GNQ,2.57914675064098,6788.35271638376,71.1290664883517,63.707,Equatorial Guinea,Sub-Saharan Africa ,Upper middle income
GRC,4.92324127436463,23343.7103964562,78.7746303842088,81.7365853658537,Greece,Europe & Central Asia,High income
GRD,1.45113212220599,11414.4781691181,36.462128238584,75.205,Grenada,Latin America & Caribbean ,Upper middle income
GRL,10.2857645300273,58498.9707973609,88.0631147749908,70.9724390243902,Greenland,Europe & Central Asia,High income
GTM,1.11051475329048,5754.42833909847,55.6082319565539,72.602,Guatemala,Latin America & Caribbean ,Upper middle income
GUY,4.52651590785052,20473.7002190617,26.4651457279878,70.18,Guyana,Latin America & Caribbean ,High income
HKG,4.52746115364711,50525.1119312663,100.0,85.2473170731707,"Hong Kong SAR, China",East Asia & Pacific,High income
HND,1.11312971877201,3227.45762509776,58.3132392705102,72.884,Honduras,Latin America & Caribbean ,Lower middle income
HRV,4.83573016043274,22183.4982258492,57.2431560672198,78.4731707317073,Croatia,Europe & Central Asia,High income
HTI,0.290485897277037,1681.84407667059,54.4496819335618,64.936,Haiti,Latin America & Caribbean ,Lower middle income
HUN,4.48048025757632,22208.6509820466,70.2923026891431,76.5707317073171,Hungary,Europe & Central Asia,High income
IDN,2.74747187282401,4876.2992959843,58.1179353397878,71.146,Indonesia,East Asia & Pacific,Upper middle income
IND,2.09622858892568,2434.44826340989,35.0676918424186,72.003,India,South Asia,Lower middle income
IRL,6.1870780177041,106818.917130804,64.1152082461268,82.8073170731707,Ireland,Europe & Central Asia,High income
IRN,9.00722487961339,5049.29931642754,76.6759567260742,77.654,"Iran, Islamic Rep.","Middle East, North Africa, Afghanistan & Pakistan",Upper middle income
IRQ,5.16873911194444,5965.31835077761,69.868278503418,72.324,Iraq,"Middle East, North Africa, Afghanistan & Pakistan",Upper middle income
ISL,8.34925829026897,82201.2908518078,94.1518261784801,82.4560975609756,Iceland,Europe & Central Asia,High income
ISR,6.14077571327038,52126.4489280033,91.5089569794505,83.1951219512195,Israel,"Middle East, North Africa, Afghanistan & Pakistan",High income
ITA,5.1591446091273,39279.699782164,69.5381540123301,83.3512195121951,Italy,Europe & Central Asia,High income
JAM,2.7128452636924,7542.39855849054,58.4510149367429,71.479,Jamaica,Latin America & Caribbean ,Upper middle income
JOR,2.10161310922351,4906.23543006639,92.682236868336,77.814,Jordan,"Middle East, North Africa, Afghanistan & Pakistan",Upper middle income
JPN,8.05063579850566,35215.003535366,92.0826903891473,84.0412195121951,Japan,East Asia & Pacific,High income
KAZ,12.5643331681924,12879.4275257974,61.7560919499181,74.402,Kazakhstan,Europe & Central Asia,Upper middle income
KEN,0.3843202596187,1942.58802756191,31.6330340816429,63.646,Kenya,Sub-Saharan Africa ,Lower middle income
KGZ,1.44095214620233,2138.22210211478,34.706439175362,72.2487804878049,Kyrgyz Republic,Europe & Central Asia,Lower middle income
KHM,1.08564797278218,2429.74853452838,40.6290788072508,70.668,Cambodia,East Asia & Pacific,Lower middle income
KIR,0.573455066777333,2200.68918614289,61.5244676194408,66.473,Kiribati,East Asia & Pacific,Lower middle income
KNA,2.7909662517644,22576.9248439166,31.7007809622822,72.145,St. Kitts and Nevis,Latin America & Caribbean ,High income
KOR,11.4162657281001,35674.095995632,81.1645551720421,83.4292682926829,"Korea, Rep.",East Asia & Pacific,High income
KWT,22.6972114508944,34091.9714813002,100.0,83.1878048780488,Kuwait,"Middle East, North Africa, Afghanistan & Pakistan",High income
LAO,3.35860711157858,2066.94979776957,38.8070088517156,68.964,Lao PDR,East Asia & Pacific,Lower middle income
LBN,1.87387427333851,3477.72489842684,90.4524074197598,77.817,Lebanon,"Middle East, North Africa, Afghanistan & Pakistan",Lower middle income
LBR,0.152830013156671,799.194470229642,54.997863482224,62.163,Liberia,Sub-Saharan Africa ,Low income
LBY,8.65140297405067,6026.51518708812,87.8647197919848,69.339,Libya,"Middle East, North Africa, Afghanistan & Pakistan",Upper middle income
LCA,1.65658030510082,13616.6397593734,29.0976313248036,72.697,St. Lucia,Latin America & Caribbean ,Upper middle income
LKA,0.979275763488678,3815.41531767474,20.1455348442463,77.483,Sri Lanka,South Asia,Upper middle income
LSO,0.428947441284169,921.435141557056,42.6781596804785,57.375,Lesotho,Sub-Saharan Africa ,Lower middle income
LTU,4.51994281903548,27983.3658256887,68.575454583199,77.290243902439,Lithuania,Europe & Central Asia,High income
LUX,10.4160977146887,133230.619178899,94.8015300320787,83.309756097561,Luxembourg,Europe & Central Asia,High income
LVA,3.66319656422698,22710.2637544197,68.3586316343061,75.4268292682927,Latvia,Europe & Central Asia,High income
MAC,2.47569239835003,67216.3631112124,100.0,83.1804878048781,"Macao SAR, China",East Asia & Pacific,High income
MAR,1.8573653487086,3813.72607421875,62.673750838878,75.313,Morocco,"Middle East, North Africa, Afghanistan & Pakistan",Lower middle income
MDA,3.33935095165033,6799.58594644576,43.0011825561523,71.198,Moldova,Europe & Central Asia,Upper middle income
MDG,0.147269201638214,514.064076551927,31.9799438860946,63.632,Madagascar,Sub-Saharan Africa ,Low income
MDV,3.41106552546227,12587.6126038651,41.5096832933973,81.041,Maldives,South Asia,Upper middle income
MEX,3.66576524934041,13830.843848864,79.4734935748046,75.069,Mexico,Latin America & Caribbean ,Upper middle income
MHL,0.0025755273392227,6799.39217554794,78.3593928884282,66.945,Marshall Islands,East Asia & Pacific,Upper middle income
MKD,4.38791431960329,8674.35846327485,62.2518322545779,75.3160975609756,North Macedonia,Europe & Central Asia,Upper middle income
MLI,0.301946302024471,1042.44223444837,31.0031889023235,60.439,Mali,Sub-Saharan Africa ,Low income
MLT,3.23421022637843,40932.5238774461,95.6272277147965,83.3560975609756,Malta,"Middle East, North Africa, Afghanistan & Pakistan",High income
MMR,0.577107115225871,1233.19666209269,30.3820718069466,66.889,Myanmar,East Asia & Pacific,Lower middle income
MNG,7.79990491634218,5838.63108083902,70.4464492797852,72.1224390243902,Mongolia,East Asia & Pacific,Upper middle income
MOZ,0.318684376705804,622.191133245967,35.7149783148407,63.611,Mozambique,Sub-Saharan Africa ,Low income
MRT,0.961166094335404,2127.9576285973,59.7142464747058,68.484,Mauritania,Sub-Saharan Africa ,Lower middle income
MUS,3.46174699494733,11269.9684462139,39.0039901092226,73.4121951219512,Mauritius,Sub-Saharan Africa ,Upper middle income
MWI,0.222924211075164,633.214767978695,16.9748746665356,67.353,Malawi,Sub-Saharan Africa ,Low income
MYS,8.03895132928611,11386.0395636528,76.4434752105739,76.657,Malaysia,East Asia & Pacific,Upper middle income
NAM,1.21960315143456,4225.99102418102,49.9545837830821,67.385,Namibia,Sub-Saharan Africa ,Lower middle income
NCL,16.7820057267051,33701.8923322781,67.751522311337,78.766,New Caledonia,East Asia & Pacific,High income
NER,0.120906578003627,647.930108509567,17.7506873295237,61.183,Niger,Sub-Saharan Africa ,Low income
NGA,0.552339272252252,2138.76383718757,62.1746763155343,54.462,Nigeria,Sub-Saharan Africa ,Lower middle income
NIC,0.811432301333619,2609.44491147975,59.1250953674316,74.947,Nicaragua,Latin America & Caribbean ,Lower middle income
NLD,6.87570596534106,63515.6030780019,95.3221682092129,81.8634146341464,Netherlands,Europe & Central Asia,High income
NOR,7.53753758650308,90984.4087141111,83.0718560702166,83.0121951219512,Norway,Europe & Central Asia,High income
NPL,0.519690203752101,1382.38300895424,66.5432933453944,70.354,Nepal,South Asia,Lower middle income
NRU,0.0,13602.6372112893,100.0,62.109,Naoero,East Asia & Pacific,High income
NZL,6.11076923076923,49302.341876493,83.8898991461229,81.7585365853659,New Zealand,East Asia & Pacific,High income
OMN,18.9600910547646,21027.7384572657,79.5702973228932,80.031,Oman,"Middle East, North Africa, Afghanistan & Pakistan",High income
PAK,0.843982651709012,1360.32417758419,38.8191861872791,67.649,Pakistan,"Middle East, North Africa, Afghanistan & Pakistan",Lower middle income
PAN,2.85705058290883,18797.1933894611,65.8601271176084,79.594,Panama,Latin America & Caribbean ,High income
PER,1.92281618030482,7919.04634828547,84.7810255849745,77.74,Peru,Latin America & Caribbean ,Upper middle income
PHL,1.41396992471112,3804.08274131718,55.1242716168851,69.833,Philippines,East Asia & Pacific,Upper middle income
PLW,78.8571106222147,15578.3497630733,79.1531991438847,69.269,Palau,East Asia & Pacific,High income
PNG,0.529181246501922,2966.06455045333,15.0581017891206,66.134,Papua New Guinea,East Asia & Pacific,Lower middle income
POL,7.64977784033642,22145.2660647429,59.8859561370214,78.2585365853659,Poland,Europe & Central Asia,High income
PRI,4.56646088980752,36980.7653928068,94.1774359275881,81.69,Puerto Rico (US),Latin America & Caribbean ,High income
PRT,3.53665954067309,27634.6183139773,61.2048652633664,82.3292682926829,Portugal,Europe & Central Asia,High income
PRY,1.1312441318464,6303.26495017292,69.3466081733694,73.844,Paraguay,Latin America & Caribbean ,Upper middle income
PYF,3.30181631912578,21832.2831795569,61.6967135028569,84.07,French Polynesia,East Asia & Pacific,High income
QAT,48.6426368357008,80195.8746508549,99.2835325193835,82.368,Qatar,"Middle East, North Africa, Afghanistan & Pakistan",High income
ROU,3.68569180458046,18244.4186876321,52.1645747011867,76.4048780487805,Romania,Europe & Central Asia,High income
RUS,13.5462339145189,13986.9951171875,74.9805047873279,73.2546341463415,Russian Federation,Europe & Central Asia,High income
RWA,0.163983285357073,1061.05788154076,28.8555310645477,67.785,Rwanda,Sub-Saharan Africa ,Low income
SAU,18.8540744665469,36156.8562500172,84.2962388315415,78.732,Saudi Arabia,"Middle East, North Africa, Afghanistan & Pakistan",High income
SDN,0.433700830155536,797.283447265625,34.7960076976764,66.331,Sudan,Sub-Saharan Africa ,Low income
SEN,0.758785485197598,1698.03387300843,54.6992276190794,68.683,Senegal,Sub-Saharan Africa ,Lower middle income
SGP,9.48033745839563,86382.5900499252,100.0,83.0975609756098,Singapore,East Asia & Pacific,High income
SLB,0.374747657827139,1882.64394148042,30.0088821088389,70.528,Solomon Islands,East Asia & Pacific,Lower middle income
SLE,0.16670385905723,758.329137301888,44.809324991151,61.786,Sierra Leone,Sub-Saharan Africa ,Low income
SLV,1.46387486797945,5319.7195268688,74.6080675149903,72.099,El Salvador,Latin America & Caribbean ,Upper middle income
SOM,0.0462780008186892,596.885985135589,54.0714435506882,58.816,"Somalia, Fed. Rep.",Sub-Saharan Africa ,Low income
STP,0.63065521438379,2990.6606143535,68.6043921103568,69.718,Sao Tome and Principe,Sub-Saharan Africa ,Lower middle income
SUR,3.96892282544054,5521.97602122638,65.7562408447266,73.631,Suriname,Latin America & Caribbean ,Upper middle income
SVK,5.73978115774848,24614.8734642794,53.190805019646,78.119512195122,Slovak Republic,Europe & Central Asia,High income
SVN,5.95087577654104,32660.4753581346,55.5378927789875,81.9292682926829,Slovenia,Europe & Central Asia,High income
SWE,3.4800778844701,54950.2834725622,88.631216160938,83.309756097561,Sweden,Europe & Central Asia,High income
SWZ,0.876387437363166,3755.52111232464,25.8081878500755,64.123,Eswatini,Sub-Saharan Africa ,Lower middle income
SYC,7.00909219941055,18130.5297135548,45.0971081321658,75.419512195122,Seychelles,Sub-Saharan Africa ,High income
TCA,4.78808606433179,35470.2151608295,93.9324513656818,78.008,Turks and Caicos Islands,Latin America & Caribbean ,High income
TCD,0.150566300727613,949.991054236266,26.3305395171046,55.069,Chad,Sub-Saharan Africa ,Low income
TGO,0.307799874754525,1182.32951436696,43.2496853032436,62.74,Togo,Sub-Saharan Africa ,Lower middle income
THA,3.83577489383729,7210.54130832685,60.9341926574707,76.412,Thailand,East Asia & Pacific,Upper middle income
TJK,0.897072214775281,1178.47990060249,26.1890127571429,71.79,Tajikistan,Europe & Central Asia,Lower middle income
TKM,12.8629910388274,5298.46421949276,47.0678875054171,70.073,Turkmenistan,Europe & Central Asia,Upper middle income
TLS,0.47995862126757,1502.4114958903,28.595471832952,67.689,Timor-Leste,East Asia & Pacific,Lower middle income
TON,1.54688949013834,5651.59357939286,21.147944541337,72.895,Tonga,East Asia & Pacific,Upper middle income
TTO,19.7069856893185,18308.4536298575,53.9536842104572,73.49,Trinidad and Tobago,Latin America & Caribbean ,High income
TUN,2.55804077741188,3951.11683376921,70.0266686486584,76.508,Tunisia,"Middle East, North Africa, Afghanistan & Pakistan",Lower middle income
TUR,5.23215412799609,13375.0947282864,89.0218446796121,77.156,Turkiye,Europe & Central Asia,Upper middle income
TUV,0.0,5143.8397437226,64.0117206689787,67.105,Tuvalu,East Asia & Pacific,Upper middle income
TZA,0.323839316591473,1224.00219726563,35.4748019434954,66.995,Tanzania,Sub-Saharan Africa ,Lower middle income
UGA,0.166813953979235,1002.30913917142,30.6059359395495,68.252,Uganda,Sub-Saharan Africa ,Low income
UKR,3.22518031774765,5139.59814453125,69.4754455027606,73.422,Ukraine,Europe & Central Asia,Upper middle income
URY,2.41753370123087,23378.6399733516,95.5439605712891,78.138,Uruguay,Latin America & Caribbean ,High income
USA,13.7140258849034,82586.7847707894,80.071561119178,78.3853658536585,United States,North America,High income
UZB,3.72011269845735,3015.97705069457,50.9964841114568,72.388,Uzbekistan,Europe & Central Asia,Lower middle income
VCT,1.25835200300031,10582.3656725229,47.7169922340041,71.23,St. Vincent and the Grenadines,Latin America & Caribbean ,Upper middle income
VEN,3.40591488864612,3617.47038396528,89.249627620225,72.514,"Venezuela, RB",Latin America & Caribbean ,Lower middle income
VNM,3.89354026267807,4322.82572261566,38.1298904418945,74.588,Viet Nam,East Asia & Pacific,Upper middle income
VUT,0.847978677253136,3708.18942411253,22.2651966823901,71.477,Vanuatu,East Asia & Pacific,Lower middle income
WSM,1.53833372564766,4822.74084650019,17.5012799804602,71.698,Samoa,East Asia & Pacific,Upper middle income
ZAF,6.75922774879049,6034.27208964673,63.5823705163545,66.139,South Africa,Sub-Saharan Africa ,Upper middle income
ZMB,0.548090097623693,1330.72780576709,45.0285853521585,66.349,Zambia,Sub-Saharan Africa ,Lower middle income
ZWE,0.76899436270709,2195.22502010174,39.2919370795795,62.775,Zimbabwe,Sub-Saharan Africa ,Lower middle income
